{"cameraMode":{"drawMode":0,"name":"Shaded","section":"Shading Mode"},"sceneLighting":false,"audioPlay":false,"sceneViewState":{"showFog":true,"showMaterialUpdate":false,"showSkybox":true,"showFlares":true,"showImageEffects":true,"showParticleSystems":true},"in2DMode":false,"pivot":{"x":-0.4318056106567383,"y":1.3212165832519532,"z":1.2599754333496094},"rotation":{"x":-0.22506122291088105,"y":0.5985764861106873,"z":-0.18025420606136323,"w":-0.7473701238632202},"size":4.587972164154053,"orthographic":false}