{"cameraMode":{"drawMode":0,"name":"Shaded","section":"Shading Mode"},"sceneLighting":true,"audioPlay":false,"sceneViewState":{"showFog":true,"showMaterialUpdate":false,"showSkybox":true,"showFlares":true,"showImageEffects":true,"showParticleSystems":true},"in2DMode":false,"pivot":{"x":-30.484750747680665,"y":2.332775115966797,"z":0.17978036403656007},"rotation":{"x":0.09572593122720719,"y":-0.6853569149971008,"z":0.09162236750125885,"w":0.7160502076148987},"size":5.505557060241699,"orthographic":false}