{"cameraMode":{"drawMode":0,"name":"Shaded","section":"Shading Mode"},"sceneLighting":false,"audioPlay":false,"sceneViewState":{"showFog":true,"showMaterialUpdate":false,"showSkybox":true,"showFlares":true,"showImageEffects":true,"showParticleSystems":true},"in2DMode":false,"pivot":{"x":1.128999948501587,"y":2.0,"z":-2.4449641704559328},"rotation":{"x":0.12944400310516358,"y":-0.8613390326499939,"z":0.2729661464691162,"w":0.40844687819480898},"size":14.40438461303711,"orthographic":true}